
[
    {
        "name": "Meriel Willicott",
        "allocation": 128,
        "time": {
            "2024-02-01": 8,
            "2024-02-02": 4,
            "2024-02-03": 0,
            "2024-02-04": 0,
            "2024-02-05": 4,
            "2024-02-06": 4,
            "2024-02-07": 8,
            "2024-02-08": 4,
            "2024-02-09": 8,
            "2024-02-10": 0,
            "2024-02-11": 0,
            "2024-02-12": 8,
            "2024-02-13": 4,
            "2024-02-14": 8,
            "2024-02-15": 4
        }
    },
    {
        "name": "Jillana Larkin",
        "allocation": 168,
        "time": {
            "2024-02-01": 8,
            "2024-02-02": 8,
            "2024-02-03": 0,
            "2024-02-04": 0,
            "2024-02-05": 4,
            "2024-02-06": 8,
            "2024-02-07": 8,
            "2024-02-08": 4,
            "2024-02-09": 8,
            "2024-02-10": 0,
            "2024-02-11": 0,
            "2024-02-12": 8,
            "2024-02-13": 4,
            "2024-02-14": 4,
            "2024-02-15": 8
        }
    },
    {
        "name": "Ralph Speak",
        "allocation": 108,
        "time": {
            "2024-02-01": 4,
            "2024-02-02": 4,
            "2024-02-03": 0,
            "2024-02-04": 0,
            "2024-02-05": 4,
            "2024-02-06": 0,
            "2024-02-07": 4,
            "2024-02-08": 8,
            "2024-02-09": 4,
            "2024-02-10": 0,
            "2024-02-11": 0,
            "2024-02-12": 4,
            "2024-02-13": 4,
            "2024-02-14": 8,
            "2024-02-15": 0
        }
    },
    {
        "name": "Kathleen Reims",
        "allocation": 129,
        "time": {
            "2024-02-01": 8,
            "2024-02-02": 4,
            "2024-02-03": 0,
            "2024-02-04": 0,
            "2024-02-05": 4,
            "2024-02-06": 0,
            "2024-02-07": 4,
            "2024-02-08": 8,
            "2024-02-09": 0,
            "2024-02-10": 0,
            "2024-02-11": 0,
            "2024-02-12": 4,
            "2024-02-13": 4,
            "2024-02-14": 0,
            "2024-02-15": 4
        }
    },
    {
        "name": "Marie Tuxwell",
        "allocation": 168,
        "time": {
            "2024-02-01": 4,
            "2024-02-02": 8,
            "2024-02-03": 0,
            "2024-02-04": 0,
            "2024-02-05": 8,
            "2024-02-06": 8,
            "2024-02-07": 0,
            "2024-02-08": 4,
            "2024-02-09": 4,
            "2024-02-10": 0,
            "2024-02-11": 0,
            "2024-02-12": 4,
            "2024-02-13": 8,
            "2024-02-14": 4,
            "2024-02-15": 0
        }
    },
    {
        "name": "Haywood Espadero",
        "allocation": 140,
        "time": {
            "2024-02-01": 8,
            "2024-02-02": 4,
            "2024-02-03": 0,
            "2024-02-04": 0,
            "2024-02-05": 4,
            "2024-02-06": 4,
            "2024-02-07": 4,
            "2024-02-08": 4,
            "2024-02-09": 4,
            "2024-02-10": 0,
            "2024-02-11": 0,
            "2024-02-12": 4,
            "2024-02-13": 8,
            "2024-02-14": 4,
            "2024-02-15": 8
        }
    },
    {
        "name": "Avril Priddis",
        "allocation": 168,
        "time": {
            "2024-02-01": 0,
            "2024-02-02": 8,
            "2024-02-03": 0,
            "2024-02-04": 0,
            "2024-02-05": 4,
            "2024-02-06": 0,
            "2024-02-07": 8,
            "2024-02-08": 8,
            "2024-02-09": 8,
            "2024-02-10": 0,
            "2024-02-11": 0,
            "2024-02-12": 8,
            "2024-02-13": 4,
            "2024-02-14": 4,
            "2024-02-15": 4
        }
    },
    {
        "name": "Jacquelynn Forbear",
        "allocation": 118,
        "time": {
            "2024-02-01": 8,
            "2024-02-02": 4,
            "2024-02-03": 0,
            "2024-02-04": 0,
            "2024-02-05": 0,
            "2024-02-06": 8,
            "2024-02-07": 8,
            "2024-02-08": 4,
            "2024-02-09": 4,
            "2024-02-10": 0,
            "2024-02-11": 0,
            "2024-02-12": 8,
            "2024-02-13": 4,
            "2024-02-14": 4,
            "2024-02-15": 0
        }
    },
    {
        "name": "Myrna Warby",
        "allocation": 154,
        "time": {
            "2024-02-01": 8,
            "2024-02-02": 8,
            "2024-02-03": 0,
            "2024-02-04": 0,
            "2024-02-05": 4,
            "2024-02-06": 4,
            "2024-02-07": 8,
            "2024-02-08": 4,
            "2024-02-09": 0,
            "2024-02-10": 0,
            "2024-02-11": 0,
            "2024-02-12": 8,
            "2024-02-13": 4,
            "2024-02-14": 8,
            "2024-02-15": 8
        }
    },
    {
        "name": "Rowan Tremonte",
        "allocation": 148,
        "time": {
            "2024-02-01": 8,
            "2024-02-02": 4,
            "2024-02-03": 0,
            "2024-02-04": 0,
            "2024-02-05": 8,
            "2024-02-06": 8,
            "2024-02-07": 8,
            "2024-02-08": 8,
            "2024-02-09": 4,
            "2024-02-10": 0,
            "2024-02-11": 0,
            "2024-02-12": 4,
            "2024-02-13": 4,
            "2024-02-14": 8,
            "2024-02-15": 4
        }
    },
    {
        "name": "Reeta Jeacocke",
        "allocation": 141,
        "time": {
            "2024-02-01": 4,
            "2024-02-02": 4,
            "2024-02-03": 0,
            "2024-02-04": 0,
            "2024-02-05": 0,
            "2024-02-06": 4,
            "2024-02-07": 4,
            "2024-02-08": 0,
            "2024-02-09": 0,
            "2024-02-10": 0,
            "2024-02-11": 0,
            "2024-02-12": 4,
            "2024-02-13": 4,
            "2024-02-14": 4,
            "2024-02-15": 4
        }
    },
    {
        "name": "Verine Ladbrooke",
        "allocation": 168,
        "time": {
            "2024-02-01": 4,
            "2024-02-02": 8,
            "2024-02-03": 0,
            "2024-02-04": 0,
            "2024-02-05": 8,
            "2024-02-06": 4,
            "2024-02-07": 8,
            "2024-02-08": 4,
            "2024-02-09": 0,
            "2024-02-10": 0,
            "2024-02-11": 0,
            "2024-02-12": 4,
            "2024-02-13": 4,
            "2024-02-14": 4,
            "2024-02-15": 8
        }
    },
    {
        "name": "Christine Vagges",
        "allocation": 148,
        "time": {
            "2024-02-01": 4,
            "2024-02-02": 0,
            "2024-02-03": 0,
            "2024-02-04": 0,
            "2024-02-05": 8,
            "2024-02-06": 4,
            "2024-02-07": 8,
            "2024-02-08": 8,
            "2024-02-09": 4,
            "2024-02-10": 0,
            "2024-02-11": 0,
            "2024-02-12": 4,
            "2024-02-13": 0,
            "2024-02-14": 4,
            "2024-02-15": 4
        }
    },
    {
        "name": "Rory Andreone",
        "allocation": 168,
        "time": {
            "2024-02-01": 8,
            "2024-02-02": 4,
            "2024-02-03": 0,
            "2024-02-04": 0,
            "2024-02-05": 4,
            "2024-02-06": 4,
            "2024-02-07": 0,
            "2024-02-08": 8,
            "2024-02-09": 4,
            "2024-02-10": 0,
            "2024-02-11": 0,
            "2024-02-12": 4,
            "2024-02-13": 0,
            "2024-02-14": 8,
            "2024-02-15": 4
        }
    },
    {
        "name": "Curry Stoffels",
        "allocation": 109,
        "time": {
            "2024-02-01": 8,
            "2024-02-02": 8,
            "2024-02-03": 0,
            "2024-02-04": 0,
            "2024-02-05": 4,
            "2024-02-06": 0,
            "2024-02-07": 4,
            "2024-02-08": 4,
            "2024-02-09": 4,
            "2024-02-10": 0,
            "2024-02-11": 0,
            "2024-02-12": 8,
            "2024-02-13": 8,
            "2024-02-14": 4,
            "2024-02-15": 8
        }
    },
    {
        "name": "Ericka Hampstead",
        "allocation": 158,
        "time": {
            "2024-02-01": 8,
            "2024-02-02": 0,
            "2024-02-03": 0,
            "2024-02-04": 0,
            "2024-02-05": 8,
            "2024-02-06": 4,
            "2024-02-07": 8,
            "2024-02-08": 8,
            "2024-02-09": 8,
            "2024-02-10": 0,
            "2024-02-11": 0,
            "2024-02-12": 4,
            "2024-02-13": 4,
            "2024-02-14": 8,
            "2024-02-15": 0
        }
    },
    {
        "name": "Lisle Acres",
        "allocation": 148,
        "time": {
            "2024-02-01": 4,
            "2024-02-02": 4,
            "2024-02-03": 0,
            "2024-02-04": 0,
            "2024-02-05": 4,
            "2024-02-06": 8,
            "2024-02-07": 4,
            "2024-02-08": 4,
            "2024-02-09": 8,
            "2024-02-10": 0,
            "2024-02-11": 0,
            "2024-02-12": 0,
            "2024-02-13": 8,
            "2024-02-14": 8,
            "2024-02-15": 4
        }
    },
    {
        "name": "Sanders Prosch",
        "allocation": 119,
        "time": {
            "2024-02-01": 4,
            "2024-02-02": 4,
            "2024-02-03": 0,
            "2024-02-04": 0,
            "2024-02-05": 4,
            "2024-02-06": 8,
            "2024-02-07": 0,
            "2024-02-08": 8,
            "2024-02-09": 8,
            "2024-02-10": 0,
            "2024-02-11": 0,
            "2024-02-12": 4,
            "2024-02-13": 8,
            "2024-02-14": 4,
            "2024-02-15": 8
        }
    },
    {
        "name": "Shanon Foucard",
        "allocation": 143,
        "time": {
            "2024-02-01": 0,
            "2024-02-02": 8,
            "2024-02-03": 0,
            "2024-02-04": 0,
            "2024-02-05": 4,
            "2024-02-06": 4,
            "2024-02-07": 8,
            "2024-02-08": 8,
            "2024-02-09": 4,
            "2024-02-10": 0,
            "2024-02-11": 0,
            "2024-02-12": 8,
            "2024-02-13": 4,
            "2024-02-14": 8,
            "2024-02-15": 4
        }
    },
    {
        "name": "Tawsha Erik",
        "allocation": 129,
        "time": {
            "2024-02-01": 8,
            "2024-02-02": 4,
            "2024-02-03": 0,
            "2024-02-04": 0,
            "2024-02-05": 8,
            "2024-02-06": 0,
            "2024-02-07": 8,
            "2024-02-08": 8,
            "2024-02-09": 8,
            "2024-02-10": 0,
            "2024-02-11": 0,
            "2024-02-12": 8,
            "2024-02-13": 8,
            "2024-02-14": 4,
            "2024-02-15": 4
        }
    },
    {
        "name": "Tome Hearmon",
        "allocation": 121,
        "time": {
            "2024-02-01": 0,
            "2024-02-02": 8,
            "2024-02-03": 0,
            "2024-02-04": 0,
            "2024-02-05": 8,
            "2024-02-06": 4,
            "2024-02-07": 4,
            "2024-02-08": 8,
            "2024-02-09": 0,
            "2024-02-10": 0,
            "2024-02-11": 0,
            "2024-02-12": 8,
            "2024-02-13": 8,
            "2024-02-14": 0,
            "2024-02-15": 8
        }
    },
    {
        "name": "Meridel Preshous",
        "allocation": 168,
        "time": {
            "2024-02-01": 4,
            "2024-02-02": 8,
            "2024-02-03": 0,
            "2024-02-04": 0,
            "2024-02-05": 8,
            "2024-02-06": 4,
            "2024-02-07": 8,
            "2024-02-08": 0,
            "2024-02-09": 8,
            "2024-02-10": 0,
            "2024-02-11": 0,
            "2024-02-12": 4,
            "2024-02-13": 0,
            "2024-02-14": 8,
            "2024-02-15": 0
        }
    },
    {
        "name": "Natka Lightbourn",
        "allocation": 168,
        "time": {
            "2024-02-01": 8,
            "2024-02-02": 8,
            "2024-02-03": 0,
            "2024-02-04": 0,
            "2024-02-05": 4,
            "2024-02-06": 4,
            "2024-02-07": 4,
            "2024-02-08": 4,
            "2024-02-09": 4,
            "2024-02-10": 0,
            "2024-02-11": 0,
            "2024-02-12": 8,
            "2024-02-13": 0,
            "2024-02-14": 4,
            "2024-02-15": 8
        }
    },
    {
        "name": "Bronnie Limpricht",
        "allocation": 163,
        "time": {
            "2024-02-01": 8,
            "2024-02-02": 4,
            "2024-02-03": 0,
            "2024-02-04": 0,
            "2024-02-05": 4,
            "2024-02-06": 0,
            "2024-02-07": 4,
            "2024-02-08": 0,
            "2024-02-09": 8,
            "2024-02-10": 0,
            "2024-02-11": 0,
            "2024-02-12": 8,
            "2024-02-13": 8,
            "2024-02-14": 8,
            "2024-02-15": 8
        }
    },
    {
        "name": "Bondie Atchly",
        "allocation": 148,
        "time": {
            "2024-02-01": 8,
            "2024-02-02": 0,
            "2024-02-03": 0,
            "2024-02-04": 0,
            "2024-02-05": 0,
            "2024-02-06": 4,
            "2024-02-07": 8,
            "2024-02-08": 4,
            "2024-02-09": 4,
            "2024-02-10": 0,
            "2024-02-11": 0,
            "2024-02-12": 4,
            "2024-02-13": 4,
            "2024-02-14": 8,
            "2024-02-15": 4
        }
    },
    {
        "name": "Penrod Sowrah",
        "allocation": 160,
        "time": {
            "2024-02-01": 8,
            "2024-02-02": 0,
            "2024-02-03": 0,
            "2024-02-04": 0,
            "2024-02-05": 4,
            "2024-02-06": 4,
            "2024-02-07": 4,
            "2024-02-08": 4,
            "2024-02-09": 8,
            "2024-02-10": 0,
            "2024-02-11": 0,
            "2024-02-12": 4,
            "2024-02-13": 8,
            "2024-02-14": 4,
            "2024-02-15": 8
        }
    },
    {
        "name": "Kacy Cholmondeley",
        "allocation": 158,
        "time": {
            "2024-02-01": 4,
            "2024-02-02": 4,
            "2024-02-03": 0,
            "2024-02-04": 0,
            "2024-02-05": 8,
            "2024-02-06": 4,
            "2024-02-07": 0,
            "2024-02-08": 8,
            "2024-02-09": 8,
            "2024-02-10": 0,
            "2024-02-11": 0,
            "2024-02-12": 4,
            "2024-02-13": 8,
            "2024-02-14": 8,
            "2024-02-15": 8
        }
    },
    {
        "name": "Rudolf Riordan",
        "allocation": 134,
        "time": {
            "2024-02-01": 4,
            "2024-02-02": 8,
            "2024-02-03": 0,
            "2024-02-04": 0,
            "2024-02-05": 8,
            "2024-02-06": 4,
            "2024-02-07": 4,
            "2024-02-08": 0,
            "2024-02-09": 8,
            "2024-02-10": 0,
            "2024-02-11": 0,
            "2024-02-12": 4,
            "2024-02-13": 8,
            "2024-02-14": 8,
            "2024-02-15": 0
        }
    },
    {
        "name": "Mallory Wallis",
        "allocation": 124,
        "time": {
            "2024-02-01": 4,
            "2024-02-02": 4,
            "2024-02-03": 0,
            "2024-02-04": 0,
            "2024-02-05": 4,
            "2024-02-06": 8,
            "2024-02-07": 8,
            "2024-02-08": 4,
            "2024-02-09": 0,
            "2024-02-10": 0,
            "2024-02-11": 0,
            "2024-02-12": 8,
            "2024-02-13": 0,
            "2024-02-14": 0,
            "2024-02-15": 4
        }
    },
    {
        "name": "Chick Frift",
        "allocation": 128,
        "time": {
            "2024-02-01": 4,
            "2024-02-02": 8,
            "2024-02-03": 0,
            "2024-02-04": 0,
            "2024-02-05": 4,
            "2024-02-06": 4,
            "2024-02-07": 4,
            "2024-02-08": 4,
            "2024-02-09": 8,
            "2024-02-10": 0,
            "2024-02-11": 0,
            "2024-02-12": 8,
            "2024-02-13": 8,
            "2024-02-14": 8,
            "2024-02-15": 8
        }
    },
    {
        "name": "Theresa Cannavan",
        "allocation": 104,
        "time": {
            "2024-02-01": 8,
            "2024-02-02": 4,
            "2024-02-03": 0,
            "2024-02-04": 0,
            "2024-02-05": 8,
            "2024-02-06": 0,
            "2024-02-07": 8,
            "2024-02-08": 4,
            "2024-02-09": 8,
            "2024-02-10": 0,
            "2024-02-11": 0,
            "2024-02-12": 4,
            "2024-02-13": 8,
            "2024-02-14": 8,
            "2024-02-15": 4
        }
    },
    {
        "name": "Lynnette Ilsley",
        "allocation": 158,
        "time": {
            "2024-02-01": 4,
            "2024-02-02": 4,
            "2024-02-03": 0,
            "2024-02-04": 0,
            "2024-02-05": 8,
            "2024-02-06": 8,
            "2024-02-07": 4,
            "2024-02-08": 0,
            "2024-02-09": 4,
            "2024-02-10": 0,
            "2024-02-11": 0,
            "2024-02-12": 0,
            "2024-02-13": 0,
            "2024-02-14": 8,
            "2024-02-15": 8
        }
    },
    {
        "name": "Traci Hark",
        "allocation": 113,
        "time": {
            "2024-02-01": 8,
            "2024-02-02": 8,
            "2024-02-03": 0,
            "2024-02-04": 0,
            "2024-02-05": 4,
            "2024-02-06": 8,
            "2024-02-07": 4,
            "2024-02-08": 4,
            "2024-02-09": 0,
            "2024-02-10": 0,
            "2024-02-11": 0,
            "2024-02-12": 8,
            "2024-02-13": 8,
            "2024-02-14": 8,
            "2024-02-15": 4
        }
    },
    {
        "name": "Neill Manifold",
        "allocation": 120,
        "time": {
            "2024-02-01": 8,
            "2024-02-02": 8,
            "2024-02-03": 0,
            "2024-02-04": 0,
            "2024-02-05": 8,
            "2024-02-06": 8,
            "2024-02-07": 8,
            "2024-02-08": 4,
            "2024-02-09": 8,
            "2024-02-10": 0,
            "2024-02-11": 0,
            "2024-02-12": 8,
            "2024-02-13": 8,
            "2024-02-14": 4,
            "2024-02-15": 8
        }
    },
    {
        "name": "Mohammed Hritzko",
        "allocation": 108,
        "time": {
            "2024-02-01": 8,
            "2024-02-02": 8,
            "2024-02-03": 0,
            "2024-02-04": 0,
            "2024-02-05": 4,
            "2024-02-06": 4,
            "2024-02-07": 4,
            "2024-02-08": 8,
            "2024-02-09": 8,
            "2024-02-10": 0,
            "2024-02-11": 0,
            "2024-02-12": 8,
            "2024-02-13": 8,
            "2024-02-14": 4,
            "2024-02-15": 8
        }
    },
    {
        "name": "Hillie Verdie",
        "allocation": 108,
        "time": {
            "2024-02-01": 0,
            "2024-02-02": 8,
            "2024-02-03": 0,
            "2024-02-04": 0,
            "2024-02-05": 4,
            "2024-02-06": 4,
            "2024-02-07": 4,
            "2024-02-08": 8,
            "2024-02-09": 8,
            "2024-02-10": 0,
            "2024-02-11": 0,
            "2024-02-12": 8,
            "2024-02-13": 8,
            "2024-02-14": 8,
            "2024-02-15": 4
        }
    },
    {
        "name": "Sonni Lodge",
        "allocation": 139,
        "time": {
            "2024-02-01": 8,
            "2024-02-02": 8,
            "2024-02-03": 0,
            "2024-02-04": 0,
            "2024-02-05": 8,
            "2024-02-06": 4,
            "2024-02-07": 8,
            "2024-02-08": 8,
            "2024-02-09": 4,
            "2024-02-10": 0,
            "2024-02-11": 0,
            "2024-02-12": 4,
            "2024-02-13": 4,
            "2024-02-14": 8,
            "2024-02-15": 4
        }
    },
    {
        "name": "Enrichetta Gallyon",
        "allocation": 128,
        "time": {
            "2024-02-01": 0,
            "2024-02-02": 4,
            "2024-02-03": 0,
            "2024-02-04": 0,
            "2024-02-05": 4,
            "2024-02-06": 4,
            "2024-02-07": 4,
            "2024-02-08": 8,
            "2024-02-09": 8,
            "2024-02-10": 0,
            "2024-02-11": 0,
            "2024-02-12": 4,
            "2024-02-13": 8,
            "2024-02-14": 4,
            "2024-02-15": 4
        }
    },
    {
        "name": "Isabella Sand",
        "allocation": 164,
        "time": {
            "2024-02-01": 4,
            "2024-02-02": 4,
            "2024-02-03": 0,
            "2024-02-04": 0,
            "2024-02-05": 4,
            "2024-02-06": 4,
            "2024-02-07": 8,
            "2024-02-08": 4,
            "2024-02-09": 4,
            "2024-02-10": 0,
            "2024-02-11": 0,
            "2024-02-12": 8,
            "2024-02-13": 8,
            "2024-02-14": 8,
            "2024-02-15": 8
        }
    },
    {
        "name": "Aili Jancso",
        "allocation": 168,
        "time": {
            "2024-02-01": 8,
            "2024-02-02": 8,
            "2024-02-03": 0,
            "2024-02-04": 0,
            "2024-02-05": 4,
            "2024-02-06": 4,
            "2024-02-07": 0,
            "2024-02-08": 8,
            "2024-02-09": 8,
            "2024-02-10": 0,
            "2024-02-11": 0,
            "2024-02-12": 4,
            "2024-02-13": 4,
            "2024-02-14": 8,
            "2024-02-15": 4
        }
    },
    {
        "name": "Katheryn Everix",
        "allocation": 144,
        "time": {
            "2024-02-01": 8,
            "2024-02-02": 8,
            "2024-02-03": 0,
            "2024-02-04": 0,
            "2024-02-05": 0,
            "2024-02-06": 8,
            "2024-02-07": 4,
            "2024-02-08": 4,
            "2024-02-09": 8,
            "2024-02-10": 0,
            "2024-02-11": 0,
            "2024-02-12": 0,
            "2024-02-13": 0,
            "2024-02-14": 4,
            "2024-02-15": 4
        }
    },
    {
        "name": "Lib Murrum",
        "allocation": 144,
        "time": {
            "2024-02-01": 8,
            "2024-02-02": 8,
            "2024-02-03": 0,
            "2024-02-04": 0,
            "2024-02-05": 4,
            "2024-02-06": 8,
            "2024-02-07": 8,
            "2024-02-08": 8,
            "2024-02-09": 8,
            "2024-02-10": 0,
            "2024-02-11": 0,
            "2024-02-12": 8,
            "2024-02-13": 8,
            "2024-02-14": 4,
            "2024-02-15": 0
        }
    },
    {
        "name": "Roanna Jaycock",
        "allocation": 140,
        "time": {
            "2024-02-01": 8,
            "2024-02-02": 8,
            "2024-02-03": 0,
            "2024-02-04": 0,
            "2024-02-05": 4,
            "2024-02-06": 4,
            "2024-02-07": 4,
            "2024-02-08": 4,
            "2024-02-09": 8,
            "2024-02-10": 0,
            "2024-02-11": 0,
            "2024-02-12": 4,
            "2024-02-13": 4,
            "2024-02-14": 4,
            "2024-02-15": 0
        }
    },
    {
        "name": "Sidnee Cavnor",
        "allocation": 108,
        "time": {
            "2024-02-01": 4,
            "2024-02-02": 8,
            "2024-02-03": 0,
            "2024-02-04": 0,
            "2024-02-05": 8,
            "2024-02-06": 4,
            "2024-02-07": 8,
            "2024-02-08": 8,
            "2024-02-09": 8,
            "2024-02-10": 0,
            "2024-02-11": 0,
            "2024-02-12": 0,
            "2024-02-13": 8,
            "2024-02-14": 4,
            "2024-02-15": 4
        }
    },
    {
        "name": "Lisabeth Wasselin",
        "allocation": 129,
        "time": {
            "2024-02-01": 4,
            "2024-02-02": 4,
            "2024-02-03": 0,
            "2024-02-04": 0,
            "2024-02-05": 8,
            "2024-02-06": 8,
            "2024-02-07": 8,
            "2024-02-08": 4,
            "2024-02-09": 8,
            "2024-02-10": 0,
            "2024-02-11": 0,
            "2024-02-12": 4,
            "2024-02-13": 0,
            "2024-02-14": 8,
            "2024-02-15": 0
        }
    },
    {
        "name": "Luca Fells",
        "allocation": 110,
        "time": {
            "2024-02-01": 8,
            "2024-02-02": 8,
            "2024-02-03": 0,
            "2024-02-04": 0,
            "2024-02-05": 4,
            "2024-02-06": 8,
            "2024-02-07": 8,
            "2024-02-08": 4,
            "2024-02-09": 4,
            "2024-02-10": 0,
            "2024-02-11": 0,
            "2024-02-12": 0,
            "2024-02-13": 4,
            "2024-02-14": 4,
            "2024-02-15": 8
        }
    },
    {
        "name": "Orin McKeurtan",
        "allocation": 118,
        "time": {
            "2024-02-01": 4,
            "2024-02-02": 4,
            "2024-02-03": 0,
            "2024-02-04": 0,
            "2024-02-05": 8,
            "2024-02-06": 4,
            "2024-02-07": 4,
            "2024-02-08": 4,
            "2024-02-09": 4,
            "2024-02-10": 0,
            "2024-02-11": 0,
            "2024-02-12": 8,
            "2024-02-13": 8,
            "2024-02-14": 8,
            "2024-02-15": 8
        }
    },
    {
        "name": "Roxi Buist",
        "allocation": 148,
        "time": {
            "2024-02-01": 8,
            "2024-02-02": 4,
            "2024-02-03": 0,
            "2024-02-04": 0,
            "2024-02-05": 4,
            "2024-02-06": 8,
            "2024-02-07": 0,
            "2024-02-08": 4,
            "2024-02-09": 8,
            "2024-02-10": 0,
            "2024-02-11": 0,
            "2024-02-12": 0,
            "2024-02-13": 4,
            "2024-02-14": 4,
            "2024-02-15": 4
        }
    },
    {
        "name": "Brade Selwyn",
        "allocation": 138,
        "time": {
            "2024-02-01": 8,
            "2024-02-02": 8,
            "2024-02-03": 0,
            "2024-02-04": 0,
            "2024-02-05": 4,
            "2024-02-06": 8,
            "2024-02-07": 4,
            "2024-02-08": 8,
            "2024-02-09": 8,
            "2024-02-10": 0,
            "2024-02-11": 0,
            "2024-02-12": 4,
            "2024-02-13": 8,
            "2024-02-14": 4,
            "2024-02-15": 4
        }
    },
    {
        "name": "Billy Remnant",
        "allocation": 120,
        "time": {
            "2024-02-01": 0,
            "2024-02-02": 8,
            "2024-02-03": 0,
            "2024-02-04": 0,
            "2024-02-05": 8,
            "2024-02-06": 8,
            "2024-02-07": 4,
            "2024-02-08": 8,
            "2024-02-09": 4,
            "2024-02-10": 0,
            "2024-02-11": 0,
            "2024-02-12": 8,
            "2024-02-13": 4,
            "2024-02-14": 0,
            "2024-02-15": 8
        }
    }
]

